Time(s),CH4V
-3.100000e-04,5.200000e-01
-3.000000e-04,4.456000e-01
-2.900000e-04,3.853333e-01
-2.800000e-04,3.434667e-01
-2.700000e-04,4.130667e-01
-2.600000e-04,3.760000e-01
-2.500000e-04,4.504000e-01
-2.400000e-04,4.549333e-01
-2.300000e-04,4.504000e-01
-2.200000e-04,4.272000e-01
-2.100000e-04,4.130667e-01
-2.000000e-04,3.573333e-01
-1.900000e-04,4.037333e-01
-1.800000e-04,3.666667e-01
-1.700000e-04,3.296000e-01
-1.600000e-04,2.877333e-01
-1.500000e-04,3.064000e-01
-1.400000e-04,3.666667e-01
-1.300000e-04,3.666667e-01
-1.200000e-04,4.736000e-01
-1.100000e-04,4.597333e-01
-1.000000e-04,5.386667e-01
-9.000000e-05,4.504000e-01
-8.000000e-05,3.528000e-01
-7.000000e-05,2.365333e-01
-6.000000e-05,2.088000e-01
-5.000000e-05,2.040000e-01
-4.000000e-05,3.389333e-01
-3.000000e-05,4.037333e-01
-2.000000e-05,5.989333e-01
-1.000000e-05,6.082667e-01
1.897354e-19,4.642667e-01
1.000000e-05,5.816267e+00
2.000000e-05,9.932533e+00
3.000000e-05,9.904533e+00
4.000000e-05,9.881333e+00
5.000000e-05,9.862667e+00
6.000000e-05,9.858133e+00
7.000000e-05,9.872000e+00
8.000000e-05,9.867467e+00
9.000000e-05,9.876801e+00
1.000000e-04,9.830133e+00
1.100000e-04,9.862667e+00
1.200000e-04,9.825600e+00
1.300000e-04,9.844267e+00
1.400000e-04,9.858133e+00
1.500000e-04,9.862667e+00
1.600000e-04,9.881333e+00
1.700000e-04,9.844267e+00
1.800000e-04,9.881333e+00
1.900000e-04,9.821067e+00
2.000000e-04,9.858133e+00
2.100000e-04,9.848800e+00
2.200000e-04,9.816267e+00
2.300000e-04,9.830133e+00
2.400000e-04,9.834933e+00
2.500000e-04,9.867467e+00
2.600000e-04,9.844267e+00
2.700000e-04,9.830133e+00
2.800000e-04,9.825600e+00
2.900000e-04,9.830133e+00
3.000000e-04,9.834933e+00
3.100000e-04,9.853601e+00
3.200000e-04,9.830133e+00
3.300000e-04,9.848800e+00
3.400000e-04,9.834933e+00
3.500000e-04,9.844267e+00
3.600000e-04,9.834933e+00
3.700000e-04,9.834933e+00
3.800000e-04,9.825600e+00
3.900000e-04,9.821067e+00
4.000000e-04,9.825600e+00
4.100000e-04,9.900001e+00
4.200000e-04,1.002533e+01
4.300000e-04,1.003013e+01
4.400000e-04,9.923200e+00
4.500000e-04,9.537601e+00
4.600000e-04,9.421333e+00
4.700000e-04,9.008000e+00
4.800000e-04,8.766400e+00
4.900000e-04,8.492267e+00
5.000000e-04,8.101867e+00
5.100000e-04,8.013600e+00
5.200000e-04,7.479467e+00
5.300000e-04,6.996267e+00
5.400000e-04,6.573600e+00
5.500000e-04,6.652534e+00
5.600000e-04,6.726933e+00
5.700000e-04,6.503734e+00
5.800000e-04,6.211200e+00
5.900000e-04,6.044000e+00
6.000000e-04,6.076533e+00
6.100000e-04,5.941600e+00
6.200000e-04,5.458400e+00
6.300000e-04,5.152000e+00
6.400000e-04,4.859200e+00
6.500000e-04,4.803467e+00
6.600000e-04,4.798934e+00
6.700000e-04,4.506134e+00
6.800000e-04,4.232000e+00
6.900000e-04,4.050933e+00
7.000000e-04,4.143734e+00
7.100000e-04,4.050933e+00
7.200000e-04,3.706933e+00
7.300000e-04,3.168000e+00
7.400000e-04,3.158933e+00
7.500000e-04,3.261067e+00
7.600000e-04,3.154133e+00
7.700000e-04,3.228533e+00
7.800000e-04,3.214667e+00
7.900000e-04,3.038133e+00
8.000000e-04,2.838400e+00
8.100000e-04,2.550133e+00
8.200000e-04,2.382933e+00
8.300000e-04,2.582667e+00
8.400000e-04,2.494400e+00
8.500000e-04,2.136800e+00
8.600000e-04,1.867200e+00
8.700000e-04,1.895200e+00
8.800000e-04,1.751200e+00
8.900000e-04,1.737333e+00
9.000000e-04,1.950933e+00
9.100000e-04,1.932267e+00
9.200000e-04,1.960267e+00
9.300000e-04,1.922933e+00
9.400000e-04,1.895200e+00
9.500000e-04,1.700000e+00
9.600000e-04,1.532800e+00
9.700000e-04,1.560533e+00
9.800000e-04,1.486400e+00
9.900000e-04,1.435200e+00
1.000000e-03,1.189067e+00
1.010000e-03,1.444533e+00
1.020000e-03,1.653600e+00
1.030000e-03,1.616533e+00
1.040000e-03,1.514133e+00
1.050000e-03,1.272533e+00
1.060000e-03,1.063467e+00
1.070000e-03,1.086667e+00
1.080000e-03,1.040267e+00
1.090000e-03,1.049600e+00
1.100000e-03,1.114667e+00
1.110000e-03,1.286667e+00
1.120000e-03,1.193600e+00
1.130000e-03,1.003200e+00
1.140000e-03,8.405333e-01
1.150000e-03,6.826667e-01
1.160000e-03,8.962667e-01
1.170000e-03,7.616000e-01
1.180000e-03,6.594667e-01
1.190000e-03,6.082667e-01
1.200000e-03,7.802667e-01
1.210000e-03,7.384000e-01
1.220000e-03,6.037334e-01
1.230000e-03,4.688000e-01
1.240000e-03,4.920000e-01
1.250000e-03,5.061333e-01
1.260000e-03,5.432000e-01
1.270000e-03,5.480000e-01
1.280000e-03,7.893333e-01
1.290000e-03,7.661334e-01
1.300000e-03,7.893333e-01
1.310000e-03,6.408000e-01
1.320000e-03,5.757334e-01
1.330000e-03,6.408000e-01
1.340000e-03,7.010667e-01
1.350000e-03,6.920000e-01
1.360000e-03,5.989333e-01
1.370000e-03,5.200000e-01
1.380000e-03,4.597333e-01
1.390000e-03,4.597333e-01
1.400000e-03,5.432000e-01
1.410000e-03,6.778667e-01
1.420000e-03,6.920000e-01
1.430000e-03,7.661334e-01
1.440000e-03,8.266667e-01
1.450000e-03,6.128000e-01
1.460000e-03,5.061333e-01
1.470000e-03,4.037333e-01
1.480000e-03,3.248000e-01
1.490000e-03,3.248000e-01
1.500000e-03,3.760000e-01
1.510000e-03,3.573333e-01
1.520000e-03,4.362667e-01
1.530000e-03,4.504000e-01
1.540000e-03,3.528000e-01
1.550000e-03,3.064000e-01
1.560000e-03,4.829333e-01
1.570000e-03,4.920000e-01
1.580000e-03,4.178667e-01
1.590000e-03,3.898667e-01
1.600000e-03,6.176000e-01
1.610000e-03,5.850667e-01
1.620000e-03,5.386667e-01
1.630000e-03,4.968000e-01
1.640000e-03,5.106667e-01
1.650000e-03,3.805333e-01
1.660000e-03,2.877333e-01
1.670000e-03,3.296000e-01
1.680000e-03,3.296000e-01
1.690000e-03,3.760000e-01
1.700000e-03,6.362666e-01
1.710000e-03,6.408000e-01
1.720000e-03,5.570667e-01
1.730000e-03,4.362667e-01
1.740000e-03,5.013334e-01
1.750000e-03,5.106667e-01
1.760000e-03,4.456000e-01
1.770000e-03,3.898667e-01
1.780000e-03,3.528000e-01
1.790000e-03,2.506667e-01
1.800000e-03,5.338666e-01
1.810000e-03,6.778667e-01
1.820000e-03,4.642667e-01
1.830000e-03,4.504000e-01
1.840000e-03,5.757334e-01
1.850000e-03,5.013334e-01
1.860000e-03,4.224000e-01
1.870000e-03,3.621333e-01
1.880000e-03,2.690667e-01
1.890000e-03,3.621333e-01
1.900000e-03,2.552000e-01
1.910000e-03,2.645333e-01
1.920000e-03,3.296000e-01
1.930000e-03,3.528000e-01
1.940000e-03,3.853333e-01
1.950000e-03,3.760000e-01
1.960000e-03,3.341333e-01
1.970000e-03,3.109334e-01
1.980000e-03,3.296000e-01
1.990000e-03,3.480000e-01
2.000000e-03,4.688000e-01
2.010000e-03,9.937067e+00
2.020000e-03,9.909333e+00
2.030000e-03,9.858133e+00
2.040000e-03,9.867467e+00
2.050000e-03,9.825600e+00
2.060000e-03,9.862667e+00
2.070000e-03,7.744267e+00
2.080000e-03,7.372533e+00
2.090000e-03,8.301867e+00
2.100000e-03,9.644533e+00
2.110000e-03,9.969600e+00
2.120000e-03,9.853601e+00
2.130000e-03,9.830133e+00
2.140000e-03,9.867467e+00
2.150000e-03,9.867467e+00
2.160000e-03,9.806933e+00
2.170000e-03,9.848800e+00
2.180000e-03,9.821067e+00
2.190000e-03,9.811733e+00
2.200000e-03,9.848800e+00
2.210000e-03,9.830133e+00
2.220000e-03,9.834933e+00
2.230000e-03,9.839467e+00
2.240000e-03,9.844267e+00
2.250000e-03,9.848800e+00
2.260000e-03,9.821067e+00
2.270000e-03,9.811733e+00
2.280000e-03,9.830133e+00
2.290000e-03,9.821067e+00
2.300000e-03,1.001600e+01
2.310000e-03,1.003467e+01
2.320000e-03,1.001147e+01
2.330000e-03,1.005333e+01
2.340000e-03,1.007173e+01
2.350000e-03,1.008587e+01
2.360000e-03,9.937067e+00
2.370000e-03,9.560801e+00
2.380000e-03,9.300533e+00
2.390000e-03,8.854667e+00
2.400000e-03,8.873333e+00
2.410000e-03,8.659467e+00
2.420000e-03,8.534133e+00
2.430000e-03,8.013600e+00
2.440000e-03,7.762933e+00
2.450000e-03,7.813867e+00
2.460000e-03,7.177600e+00
2.470000e-03,6.698934e+00
2.480000e-03,6.466667e+00
2.490000e-03,6.448000e+00
2.500000e-03,6.401600e+00
2.510000e-03,6.090400e+00
2.520000e-03,6.057867e+00
2.530000e-03,5.895200e+00
2.540000e-03,5.634933e+00
2.550000e-03,5.105333e+00
2.560000e-03,4.715200e+00
2.570000e-03,4.492267e+00
2.580000e-03,4.417867e+00
2.590000e-03,4.245867e+00
2.600000e-03,4.283200e+00
2.610000e-03,4.046134e+00
2.620000e-03,3.971733e+00
2.630000e-03,3.865067e+00
2.640000e-03,3.832533e+00
2.650000e-03,3.679200e+00
2.660000e-03,3.484000e+00
2.670000e-03,3.312267e+00
2.680000e-03,3.237867e+00
2.690000e-03,3.400533e+00
2.700000e-03,3.038133e+00
2.710000e-03,2.810400e+00
2.720000e-03,2.545600e+00
2.730000e-03,2.401600e+00
2.740000e-03,2.192533e+00
2.750000e-03,2.554933e+00
2.760000e-03,2.666400e+00
2.770000e-03,2.754667e+00
2.780000e-03,2.759200e+00
2.790000e-03,2.290133e+00
2.800000e-03,2.229600e+00
2.810000e-03,2.016000e+00
2.820000e-03,1.988000e+00
2.830000e-03,2.002133e+00
2.840000e-03,1.895200e+00
2.850000e-03,1.584000e+00
2.860000e-03,1.746400e+00
2.870000e-03,1.560533e+00
2.880000e-03,1.639733e+00
2.890000e-03,1.472267e+00
2.900000e-03,1.323733e+00
2.910000e-03,1.421333e+00
2.920000e-03,1.323733e+00
2.930000e-03,1.291200e+00
2.940000e-03,1.286667e+00
2.950000e-03,1.425867e+00
2.960000e-03,1.309867e+00
2.970000e-03,1.328267e+00
2.980000e-03,1.212267e+00
2.990000e-03,1.068267e+00
3.000000e-03,1.077600e+00
3.010000e-03,8.266667e-01
3.020000e-03,8.360000e-01
3.030000e-03,9.474667e-01
3.040000e-03,9.893333e-01
3.050000e-03,9.568000e-01
3.060000e-03,9.520000e-01
3.070000e-03,1.156533e+00
3.080000e-03,1.100800e+00
3.090000e-03,9.984000e-01
3.100000e-03,1.021867e+00
3.110000e-03,1.151733e+00
3.120000e-03,9.893333e-01
3.130000e-03,8.173333e-01
3.140000e-03,7.941334e-01
3.150000e-03,8.266667e-01
3.160000e-03,1.063467e+00
3.170000e-03,9.056000e-01
3.180000e-03,7.245333e-01
3.190000e-03,6.965333e-01
3.200000e-03,9.010667e-01
3.210000e-03,8.730667e-01
3.220000e-03,7.709333e-01
3.230000e-03,9.101334e-01
3.240000e-03,6.872000e-01
3.250000e-03,7.661334e-01
3.260000e-03,9.381334e-01
3.270000e-03,7.197334e-01
3.280000e-03,4.920000e-01
3.290000e-03,4.410667e-01
3.300000e-03,3.573333e-01
3.310000e-03,3.528000e-01
3.320000e-03,5.293334e-01
3.330000e-03,6.221333e-01
3.340000e-03,5.061333e-01
3.350000e-03,6.128000e-01
3.360000e-03,6.778667e-01
3.370000e-03,5.664000e-01
3.380000e-03,7.477334e-01
3.390000e-03,7.941334e-01
3.400000e-03,8.637334e-01
3.410000e-03,9.101334e-01
3.420000e-03,6.733333e-01
3.430000e-03,6.082667e-01
3.440000e-03,6.037334e-01
3.450000e-03,7.010667e-01
3.460000e-03,6.546667e-01
3.470000e-03,5.618667e-01
3.480000e-03,5.618667e-01
3.490000e-03,7.197334e-01
3.500000e-03,6.920000e-01
3.510000e-03,5.896000e-01
3.520000e-03,5.338666e-01
3.530000e-03,4.736000e-01
3.540000e-03,4.968000e-01
3.550000e-03,6.037334e-01
3.560000e-03,6.733333e-01
3.570000e-03,7.058667e-01
3.580000e-03,5.664000e-01
3.590000e-03,4.920000e-01
3.600000e-03,5.293334e-01
3.610000e-03,5.154667e-01
3.620000e-03,6.221333e-01
3.630000e-03,7.245333e-01
3.640000e-03,7.429333e-01
3.650000e-03,6.778667e-01
3.660000e-03,5.618667e-01
3.670000e-03,6.128000e-01
3.680000e-03,4.688000e-01
3.690000e-03,3.805333e-01
3.700000e-03,4.130667e-01
3.710000e-03,5.200000e-01
3.720000e-03,5.525333e-01
3.730000e-03,3.992000e-01
3.740000e-03,4.362667e-01
3.750000e-03,4.130667e-01
3.760000e-03,4.968000e-01
3.770000e-03,5.338666e-01
3.780000e-03,4.968000e-01
3.790000e-03,5.757334e-01
3.800000e-03,5.293334e-01
3.810000e-03,4.504000e-01
3.820000e-03,3.666667e-01
3.830000e-03,3.016000e-01
3.840000e-03,4.272000e-01
3.850000e-03,4.968000e-01
3.860000e-03,3.992000e-01
3.870000e-03,3.805333e-01
3.880000e-03,4.456000e-01
3.890000e-03,4.597333e-01
3.900000e-03,5.432000e-01
3.910000e-03,5.664000e-01
3.920000e-03,5.757334e-01
3.930000e-03,5.570667e-01
3.940000e-03,4.410667e-01
3.950000e-03,4.688000e-01
3.960000e-03,5.338666e-01
3.970000e-03,5.802667e-01
3.980000e-03,6.778667e-01
3.990000e-03,5.712000e-01
4.000000e-03,4.272000e-01
4.010000e-03,3.296000e-01
4.020000e-03,3.202667e-01
4.030000e-03,3.573333e-01
4.040000e-03,3.992000e-01
4.050000e-03,3.712000e-01
4.060000e-03,6.221333e-01
4.070000e-03,6.128000e-01
4.080000e-03,4.736000e-01
4.090000e-03,4.272000e-01
4.100000e-03,3.898667e-01
4.110000e-03,4.085333e-01
4.120000e-03,5.154667e-01
4.130000e-03,5.525333e-01
4.140000e-03,6.685333e-01
4.150000e-03,7.429333e-01
4.160000e-03,5.432000e-01
4.170000e-03,4.224000e-01
4.180000e-03,5.896000e-01
4.190000e-03,5.802667e-01
4.200000e-03,5.480000e-01
4.210000e-03,5.200000e-01
4.220000e-03,5.106667e-01
4.230000e-03,4.549333e-01
4.240000e-03,4.456000e-01
4.250000e-03,4.736000e-01
4.260000e-03,4.362667e-01
4.270000e-03,4.272000e-01
4.280000e-03,4.781334e-01
4.290000e-03,3.434667e-01
4.300000e-03,3.202667e-01
4.310000e-03,3.573333e-01
4.320000e-03,4.874667e-01
4.330000e-03,4.130667e-01
4.340000e-03,4.688000e-01
4.350000e-03,6.082667e-01
4.360000e-03,5.154667e-01
4.370000e-03,4.920000e-01
4.380000e-03,4.456000e-01
4.390000e-03,3.016000e-01
4.400000e-03,3.480000e-01
4.410000e-03,2.413333e-01
4.420000e-03,2.877333e-01
4.430000e-03,3.341333e-01
4.440000e-03,3.154667e-01
4.450000e-03,3.528000e-01
4.460000e-03,5.154667e-01
4.470000e-03,6.314667e-01
4.480000e-03,5.061333e-01
4.490000e-03,5.480000e-01
4.500000e-03,4.549333e-01
4.510000e-03,4.272000e-01
4.520000e-03,3.248000e-01
4.530000e-03,4.968000e-01
4.540000e-03,3.805333e-01
4.550000e-03,4.920000e-01
4.560000e-03,4.317333e-01
4.570000e-03,3.341333e-01
4.580000e-03,4.456000e-01
4.590000e-03,5.106667e-01
4.600000e-03,5.432000e-01
4.610000e-03,4.597333e-01
4.620000e-03,5.850667e-01
4.630000e-03,6.453333e-01
4.640000e-03,5.200000e-01
4.650000e-03,4.874667e-01
4.660000e-03,4.037333e-01
4.670000e-03,4.597333e-01
4.680000e-03,5.061333e-01
4.690000e-03,4.829333e-01
4.700000e-03,4.688000e-01
4.710000e-03,5.106667e-01
4.720000e-03,4.597333e-01
4.730000e-03,5.712000e-01
4.740000e-03,5.480000e-01
4.750000e-03,4.736000e-01
4.760000e-03,3.666667e-01
4.770000e-03,3.805333e-01
4.780000e-03,4.874667e-01
4.790000e-03,6.546667e-01
4.800000e-03,5.712000e-01
4.810000e-03,3.712000e-01
4.820000e-03,5.106667e-01
4.830000e-03,6.314667e-01
4.840000e-03,4.736000e-01
4.850000e-03,3.202667e-01
4.860000e-03,2.922667e-01
4.870000e-03,3.296000e-01
4.880000e-03,3.898667e-01
4.890000e-03,3.805333e-01
4.900000e-03,4.362667e-01
4.910000e-03,6.082667e-01
4.920000e-03,5.154667e-01
4.930000e-03,5.293334e-01
4.940000e-03,5.480000e-01
4.950000e-03,5.432000e-01
4.960000e-03,6.594667e-01
4.970000e-03,5.013334e-01
4.980000e-03,4.504000e-01
4.990000e-03,3.898667e-01
5.000000e-03,3.573333e-01
5.010000e-03,3.109334e-01
5.020000e-03,3.341333e-01
5.030000e-03,3.853333e-01
5.040000e-03,4.272000e-01
5.050000e-03,3.341333e-01
5.060000e-03,3.016000e-01
5.070000e-03,2.645333e-01
5.080000e-03,3.109334e-01
5.090000e-03,4.272000e-01
5.100000e-03,3.341333e-01
5.110000e-03,3.528000e-01
5.120000e-03,3.805333e-01
5.130000e-03,3.202667e-01
5.140000e-03,2.970667e-01
5.150000e-03,2.552000e-01
5.160000e-03,3.248000e-01
5.170000e-03,3.296000e-01
5.180000e-03,3.898667e-01
5.190000e-03,3.434667e-01
5.200000e-03,3.202667e-01
5.210000e-03,4.688000e-01
5.220000e-03,6.037334e-01
5.230000e-03,5.712000e-01
5.240000e-03,5.200000e-01
5.250000e-03,5.570667e-01
5.260000e-03,4.920000e-01
5.270000e-03,5.200000e-01
5.280000e-03,3.898667e-01
5.290000e-03,3.202667e-01
5.300000e-03,4.317333e-01
5.310000e-03,5.850667e-01
5.320000e-03,4.037333e-01
5.330000e-03,3.202667e-01
5.340000e-03,4.362667e-01
5.350000e-03,5.338666e-01
5.360000e-03,6.037334e-01
5.370000e-03,5.386667e-01
5.380000e-03,5.061333e-01
5.390000e-03,5.061333e-01
5.400000e-03,5.154667e-01
5.410000e-03,3.621333e-01
5.420000e-03,2.413333e-01
5.430000e-03,3.296000e-01
5.440000e-03,4.272000e-01
5.450000e-03,3.853333e-01
5.460000e-03,5.200000e-01
5.470000e-03,4.920000e-01
5.480000e-03,5.757334e-01
5.490000e-03,5.386667e-01
5.500000e-03,5.757334e-01
5.510000e-03,7.429333e-01
5.520000e-03,8.730667e-01
5.530000e-03,6.733333e-01
5.540000e-03,5.989333e-01
5.550000e-03,6.733333e-01
5.560000e-03,6.362666e-01
5.570000e-03,4.829333e-01
5.580000e-03,3.434667e-01
5.590000e-03,3.760000e-01
5.600000e-03,3.898667e-01
5.610000e-03,4.642667e-01
5.620000e-03,5.386667e-01
5.630000e-03,4.130667e-01
5.640000e-03,3.805333e-01
5.650000e-03,3.528000e-01
5.660000e-03,2.690667e-01
5.670000e-03,2.645333e-01
5.680000e-03,2.088000e-01
5.690000e-03,2.181333e-01
5.700000e-03,3.341333e-01
5.710000e-03,4.642667e-01
5.720000e-03,4.456000e-01
5.730000e-03,4.781334e-01
5.740000e-03,3.666667e-01
5.750000e-03,4.456000e-01
5.760000e-03,6.826667e-01
5.770000e-03,5.432000e-01
5.780000e-03,4.829333e-01
5.790000e-03,3.992000e-01
5.800000e-03,3.853333e-01
5.810000e-03,5.013334e-01
5.820000e-03,4.736000e-01
5.830000e-03,3.573333e-01
5.840000e-03,3.296000e-01
5.850000e-03,4.130667e-01
5.860000e-03,4.037333e-01
5.870000e-03,4.549333e-01
5.880000e-03,4.549333e-01
5.890000e-03,5.106667e-01
5.900000e-03,4.130667e-01
5.910000e-03,3.341333e-01
5.920000e-03,3.248000e-01
5.930000e-03,2.738667e-01
5.940000e-03,2.597333e-01
5.950000e-03,2.226667e-01
5.960000e-03,3.805333e-01
5.970000e-03,4.317333e-01
5.980000e-03,3.528000e-01
5.990000e-03,2.829333e-01
6.000000e-03,2.970667e-01
6.010000e-03,3.760000e-01
6.020000e-03,4.597333e-01
6.030000e-03,5.386667e-01
6.040000e-03,4.224000e-01
6.050000e-03,4.781334e-01
6.060000e-03,5.386667e-01
6.070000e-03,4.968000e-01
6.080000e-03,4.317333e-01
6.090000e-03,3.296000e-01
6.100000e-03,2.829333e-01
6.110000e-03,3.064000e-01
6.120000e-03,3.712000e-01
6.130000e-03,3.528000e-01
6.140000e-03,3.992000e-01
6.150000e-03,4.410667e-01
6.160000e-03,3.853333e-01
6.170000e-03,4.362667e-01
6.180000e-03,4.037333e-01
6.190000e-03,3.341333e-01
6.200000e-03,4.178667e-01
6.210000e-03,3.341333e-01
6.220000e-03,4.829333e-01
6.230000e-03,4.829333e-01
6.240000e-03,3.853333e-01
6.250000e-03,3.621333e-01
6.260000e-03,4.272000e-01
6.270000e-03,3.853333e-01
6.280000e-03,3.573333e-01
6.290000e-03,5.154667e-01
6.300000e-03,5.106667e-01
6.310000e-03,5.013334e-01
6.320000e-03,4.456000e-01
6.330000e-03,3.248000e-01
6.340000e-03,4.130667e-01
6.350000e-03,3.992000e-01
6.360000e-03,3.389333e-01
6.370000e-03,3.296000e-01
6.380000e-03,3.666667e-01
6.390000e-03,3.341333e-01
6.400000e-03,3.064000e-01
6.410000e-03,3.712000e-01
6.420000e-03,6.594667e-01
6.430000e-03,6.082667e-01
6.440000e-03,4.130667e-01
6.450000e-03,3.528000e-01
6.460000e-03,4.829333e-01
6.470000e-03,6.546667e-01
6.480000e-03,5.525333e-01
6.490000e-03,4.597333e-01
6.500000e-03,3.946667e-01
6.510000e-03,5.106667e-01
6.520000e-03,4.504000e-01
6.530000e-03,3.760000e-01
6.540000e-03,3.528000e-01
6.550000e-03,3.248000e-01
6.560000e-03,4.688000e-01
6.570000e-03,5.245333e-01
6.580000e-03,3.805333e-01
6.590000e-03,3.898667e-01
6.600000e-03,3.528000e-01
6.610000e-03,3.853333e-01
6.620000e-03,3.805333e-01
6.630000e-03,3.528000e-01
6.640000e-03,3.109334e-01
6.650000e-03,5.293334e-01
6.660000e-03,7.570667e-01
6.670000e-03,5.850667e-01
6.680000e-03,5.013334e-01
6.690000e-03,4.736000e-01
6.700000e-03,6.082667e-01
6.710000e-03,5.989333e-01
6.720000e-03,4.688000e-01
6.730000e-03,4.178667e-01
6.740000e-03,2.784000e-01
6.750000e-03,2.458667e-01
6.760000e-03,3.528000e-01
6.770000e-03,6.501333e-01
6.780000e-03,6.640000e-01
6.790000e-03,4.504000e-01
6.800000e-03,4.272000e-01
6.810000e-03,4.085333e-01
6.820000e-03,2.970667e-01
6.830000e-03,3.573333e-01
6.840000e-03,3.805333e-01
6.850000e-03,3.480000e-01
6.860000e-03,3.341333e-01
6.870000e-03,2.506667e-01
6.880000e-03,3.528000e-01
6.890000e-03,4.362667e-01
6.900000e-03,5.154667e-01
6.910000e-03,4.504000e-01
6.920000e-03,3.853333e-01
6.930000e-03,3.064000e-01
6.940000e-03,3.064000e-01
6.950000e-03,3.109334e-01
6.960000e-03,3.154667e-01
6.970000e-03,3.296000e-01
6.980000e-03,3.480000e-01
6.990000e-03,3.760000e-01
7.000000e-03,3.528000e-01
7.010000e-03,3.296000e-01
7.020000e-03,3.805333e-01
7.030000e-03,3.296000e-01
7.040000e-03,2.877333e-01
7.050000e-03,2.272000e-01
7.060000e-03,3.666667e-01
7.070000e-03,2.458667e-01
7.080000e-03,1.994667e-01
7.090000e-03,3.248000e-01
7.100000e-03,3.389333e-01
7.110000e-03,3.666667e-01
7.120000e-03,4.130667e-01
7.130000e-03,4.130667e-01
7.140000e-03,4.688000e-01
7.150000e-03,3.528000e-01
7.160000e-03,3.528000e-01
7.170000e-03,4.597333e-01
7.180000e-03,4.829333e-01
7.190000e-03,3.898667e-01
7.200000e-03,3.296000e-01
7.210000e-03,4.130667e-01
7.220000e-03,3.528000e-01
7.230000e-03,4.597333e-01
7.240000e-03,3.898667e-01
7.250000e-03,4.317333e-01
7.260000e-03,4.829333e-01
7.270000e-03,3.992000e-01
7.280000e-03,4.968000e-01
7.290000e-03,4.130667e-01
7.300000e-03,3.202667e-01
7.310000e-03,2.922667e-01
7.320000e-03,3.898667e-01
7.330000e-03,3.898667e-01
7.340000e-03,2.970667e-01
7.350000e-03,3.573333e-01
7.360000e-03,5.061333e-01
7.370000e-03,4.224000e-01
7.380000e-03,4.504000e-01
7.390000e-03,4.920000e-01
7.400000e-03,4.130667e-01
7.410000e-03,3.296000e-01
7.420000e-03,2.877333e-01
7.430000e-03,5.013334e-01
7.440000e-03,5.293334e-01
7.450000e-03,4.272000e-01
7.460000e-03,4.085333e-01
7.470000e-03,4.781334e-01
7.480000e-03,4.504000e-01
7.490000e-03,4.642667e-01
7.500000e-03,5.061333e-01
7.510000e-03,4.549333e-01
7.520000e-03,3.573333e-01
7.530000e-03,3.573333e-01
7.540000e-03,3.528000e-01
7.550000e-03,4.272000e-01
7.560000e-03,4.781334e-01
7.570000e-03,4.272000e-01
7.580000e-03,3.946667e-01
7.590000e-03,3.434667e-01
7.600000e-03,3.573333e-01
7.610000e-03,3.946667e-01
7.620000e-03,3.760000e-01
7.630000e-03,4.597333e-01
7.640000e-03,4.410667e-01
7.650000e-03,3.480000e-01
7.660000e-03,2.922667e-01
7.670000e-03,2.970667e-01
7.680000e-03,2.320000e-01
7.690000e-03,2.320000e-01
7.700000e-03,2.877333e-01
7.710000e-03,2.877333e-01
7.720000e-03,3.109334e-01
7.730000e-03,2.597333e-01
7.740000e-03,2.226667e-01
7.750000e-03,2.458667e-01
7.760000e-03,2.413333e-01
7.770000e-03,2.040000e-01
7.780000e-03,2.829333e-01
7.790000e-03,2.970667e-01
7.800000e-03,3.712000e-01
7.810000e-03,3.296000e-01
7.820000e-03,2.413333e-01
7.830000e-03,3.296000e-01
7.840000e-03,3.480000e-01
7.850000e-03,3.202667e-01
7.860000e-03,3.202667e-01
7.870000e-03,3.202667e-01
7.880000e-03,3.666667e-01
7.890000e-03,3.992000e-01
7.900000e-03,3.573333e-01
7.910000e-03,3.853333e-01
7.920000e-03,4.317333e-01
7.930000e-03,2.922667e-01
7.940000e-03,3.805333e-01
7.950000e-03,3.573333e-01
7.960000e-03,3.760000e-01
7.970000e-03,4.549333e-01
7.980000e-03,4.456000e-01
7.990000e-03,4.037333e-01
8.000000e-03,4.968000e-01
8.010000e-03,4.224000e-01
8.020000e-03,5.386667e-01
8.030000e-03,4.829333e-01
8.040000e-03,6.221333e-01
8.050000e-03,5.757334e-01
8.060000e-03,5.525333e-01
8.070000e-03,5.245333e-01
8.080000e-03,4.037333e-01
8.090000e-03,4.456000e-01
8.100000e-03,5.989333e-01
8.110000e-03,5.432000e-01
8.120000e-03,5.154667e-01
8.130000e-03,4.504000e-01
8.140000e-03,6.221333e-01
8.150000e-03,5.013334e-01
8.160000e-03,3.805333e-01
8.170000e-03,3.666667e-01
8.180000e-03,3.296000e-01
8.190000e-03,4.829333e-01
8.200000e-03,3.760000e-01
8.210000e-03,2.552000e-01
8.220000e-03,3.480000e-01
8.230000e-03,3.573333e-01
8.240000e-03,3.666667e-01
8.250000e-03,3.805333e-01
8.260000e-03,3.992000e-01
8.270000e-03,3.621333e-01
8.280000e-03,2.970667e-01
8.290000e-03,3.341333e-01
8.300000e-03,4.736000e-01
8.310000e-03,4.037333e-01
8.320000e-03,2.784000e-01
8.330000e-03,3.064000e-01
8.340000e-03,5.618667e-01
8.350000e-03,4.920000e-01
8.360000e-03,4.362667e-01
8.370000e-03,4.224000e-01
8.380000e-03,4.688000e-01
8.390000e-03,5.757334e-01
8.400000e-03,5.896000e-01
8.410000e-03,5.712000e-01
8.420000e-03,3.853333e-01
8.430000e-03,2.970667e-01
8.440000e-03,2.365333e-01
8.450000e-03,2.552000e-01
8.460000e-03,3.528000e-01
8.470000e-03,2.877333e-01
8.480000e-03,3.109334e-01
8.490000e-03,5.618667e-01
8.500000e-03,5.712000e-01
8.510000e-03,5.850667e-01
8.520000e-03,4.504000e-01
8.530000e-03,4.736000e-01
8.540000e-03,5.525333e-01
8.550000e-03,4.829333e-01
8.560000e-03,4.362667e-01
8.570000e-03,3.853333e-01
8.580000e-03,5.664000e-01
8.590000e-03,5.106667e-01
8.600000e-03,3.805333e-01
8.610000e-03,4.410667e-01
8.620000e-03,5.106667e-01
8.630000e-03,4.736000e-01
8.640000e-03,3.898667e-01
8.650000e-03,2.877333e-01
8.660000e-03,2.970667e-01
8.670000e-03,4.736000e-01
8.680000e-03,4.736000e-01
8.690000e-03,4.642667e-01
8.700000e-03,5.757334e-01
8.710000e-03,5.618667e-01
8.720000e-03,5.200000e-01
8.730000e-03,4.130667e-01
8.740000e-03,3.389333e-01
8.750000e-03,3.805333e-01
8.760000e-03,4.272000e-01
8.770000e-03,3.528000e-01
8.780000e-03,3.946667e-01
8.790000e-03,4.224000e-01
8.800000e-03,3.666667e-01
8.810000e-03,4.968000e-01
8.820000e-03,4.549333e-01
8.830000e-03,4.456000e-01
8.840000e-03,4.597333e-01
8.850000e-03,6.082667e-01
8.860000e-03,5.245333e-01
8.870000e-03,4.456000e-01
8.880000e-03,3.248000e-01
8.890000e-03,4.456000e-01
8.900000e-03,5.618667e-01
8.910000e-03,5.061333e-01
8.920000e-03,3.898667e-01
8.930000e-03,3.202667e-01
8.940000e-03,5.570667e-01
8.950000e-03,5.061333e-01
8.960000e-03,5.989333e-01
8.970000e-03,6.685333e-01
8.980000e-03,4.829333e-01
8.990000e-03,4.037333e-01
9.000000e-03,4.504000e-01
9.010000e-03,4.317333e-01
9.020000e-03,5.570667e-01
9.030000e-03,4.829333e-01
9.040000e-03,3.528000e-01
9.050000e-03,3.666667e-01
9.060000e-03,5.293334e-01
9.070000e-03,4.736000e-01
9.080000e-03,4.920000e-01
9.090000e-03,4.688000e-01
9.100000e-03,4.688000e-01
9.110000e-03,5.432000e-01
9.120000e-03,6.872000e-01
9.130000e-03,5.525333e-01
9.140000e-03,4.829333e-01
9.150000e-03,5.989333e-01
9.160000e-03,4.829333e-01
9.170000e-03,4.829333e-01
9.180000e-03,4.130667e-01
9.190000e-03,3.154667e-01
9.200000e-03,4.272000e-01
9.210000e-03,4.130667e-01
9.220000e-03,3.805333e-01
9.230000e-03,5.061333e-01
9.240000e-03,4.504000e-01
9.250000e-03,3.573333e-01
9.260000e-03,4.362667e-01
9.270000e-03,3.480000e-01
9.280000e-03,4.597333e-01
9.290000e-03,4.504000e-01
9.300000e-03,4.362667e-01
9.310000e-03,5.432000e-01
9.320000e-03,5.013334e-01
9.330000e-03,4.362667e-01
9.340000e-03,4.736000e-01
9.350000e-03,3.528000e-01
9.360000e-03,2.690667e-01
9.370000e-03,2.690667e-01
9.380000e-03,3.109334e-01
9.390000e-03,3.480000e-01
9.400000e-03,3.898667e-01
9.410000e-03,4.224000e-01
9.420000e-03,3.853333e-01
9.430000e-03,4.642667e-01
9.440000e-03,4.224000e-01
9.450000e-03,3.296000e-01
9.460000e-03,2.784000e-01
9.470000e-03,4.874667e-01
9.480000e-03,4.362667e-01
9.490000e-03,4.504000e-01
9.500000e-03,5.061333e-01
9.510000e-03,4.362667e-01
9.520000e-03,6.221333e-01
9.530000e-03,6.128000e-01
9.540000e-03,5.896000e-01
9.550000e-03,5.432000e-01
9.560000e-03,4.130667e-01
9.570000e-03,7.429333e-01
9.580000e-03,7.384000e-01
9.590000e-03,5.989333e-01
9.600000e-03,4.504000e-01
9.610000e-03,3.992000e-01
9.620000e-03,3.434667e-01
9.630000e-03,3.389333e-01
9.640000e-03,3.666667e-01
9.650000e-03,3.573333e-01
9.660000e-03,3.109334e-01
9.670000e-03,3.805333e-01
